id;Unidade Local;CEP;Cidade;Fones;Endereço;UF;Superintendência Regional;Município(s) de Abrangência;
509;Danillo teste 30/08/2023;76954-000;Alta Floresta D'Oeste;(31) 65445454,;Rua dos bobo;RO;;Alta Floresta D'Oeste;
510;Nova Brasilândia D'Oeste;76958-000;Nova Brasilândia D'Oeste;(31) 997910010,;R. Itanhandu, 230;RO;;Nova Brasilândia D'Oeste;
511;Teste de Regressão Ambiente HOMOL - 20/10/2022 - Danillo Lopes - Unidade Local;76994-000;Cabixi;(31) 997910010,;Rua do meio;RO;;Cabixi;
48;UNIDADE LOCAL DE ÁGUA BOA/MT;78635-000;Água Boa;(99) 999999999,;Av. Araguaia;MT;;Água Boa,Alto Boa Vista,Araguaiana,Barra do Garças,Bom Jesus do Araguaia,Canabrava do Norte,Canarana,Cocalinho,Confresa,Nova Nazaré,Nova Xavantina,Porto Alegre do Norte,Querência,Ribeirão Cascalheira,São Félix do Araguaia,Serra Nova Dourada,Vila Rica;
117;UNIDADE LOCAL DE ALTAMIRA/PA;96503776;Cachoeira do Sul;(93) 35151485,;R RUA LEOPOLDO SOUZA 1466;RS;;Vitória do Xingu,Anapu,Brasil Novo,Medicilândia,Pacajá,Placas,Senador José Porfírio,Uruará;
42;UNIDADE LOCAL DE ANÁPOLIS/GO;88020330;Florianópolis;(62) 33141716,;RUA WALDEMIRO MONGUILHOT;SC;;Urutaí,Valparaíso de Goiás,Vianópolis,Abadia de Goiás,Abadiânia,Alexânia,Aparecida de Goiânia,Bela Vista de Goiás,Bonfinópolis,Caldas Novas,Caldazinha,Campinaçu,Campo Alegre de Goiás,Catalão,Cocalzinho de Goiás,Corumbá de Goiás,Cristalina,Cristianópolis,Cumari,Davinópolis,Goiânia,Goiás,Goiatuba,Formoso,Goianápolis,Hidrolândia,Ipameri,Itaberaí,Itaguari,Leopoldo de BulhõEs,Luziânia,Morrinhos,Niquelândia,Palmelo,Panamá,Orizona,Piracanjuba,Pirenópolis,Pires do Rio,Professor Jamil,Santa Cruz de Goiás,Rio Quente,Santo Antônio do Descoberto,Senador Canedo,Silvânia,Terezópolis de Goiás,Trindade;
56;UNIDADE LOCAL DE ANASTÁCIO/MS;79.021-201;Anastácio;(67) 3302-5744,;Av. Mato Grosso;MS;;Anastácio,Aquidauana,Corumbá,Miranda,Ladário;
99;UNIDADE LOCAL DE ARACAJU/SE;49.087-420;Aracaju;(79) 3216-1150,;Av. Maranhão;SE;;Aracaju,Areia Branca,Capela,Carira,Cedro de São João,Cristinápolis,Estância,Frei Paulo,Itabaiana,Itaporanga D'Ajuda,Japaratuba,Lagarto,Laranjeiras,Malhada dos Bois,Maruim,Muribeca,Nossa Senhora do Socorro,Propriá,Riachão do Dantas,Rosário do Catete,Salgado,Santa Luzia do Itanhy,São Cristóvão,São Francisco,Tobias Barreto,Umbaúba;
43;UNIDADE LOCAL DE ARAGARÇAS/GO;76.240-000;Aragarças;(64) 3638-1771,;Rua Itelvita Leão Pinto;GO;;Santa Fé de Goiás,Piranhas,Jussara,Montes Claros de Goiás,Bom Jardim de Goiás,Britânia,Aragarças;
148;UNIDADE LOCAL DE ARAGUAÍNA/TO;77.840-970;Araguaína;(63) 34131448,;BR-153/TO;TO;;Aguiarnópolis,Barra do Ouro,Araguatins,Cachoeirinha,Darcinópolis,Goiatins,Itacajá,Luzinópolis,Palmeiras do Tocantins,Nazaré,Santa Maria do Tocantins,Santa Terezinha do Tocantins,São Bento do Tocantins,Tocantinópolis;
76;UNIDADE LOCAL DE ARCOVERDE/PE;56.500-000;Arcoverde;(87) 3821-0176,;BR-232;PE;;Arcoverde,Brejão,Brejinho,Buíque,Caetés,Calumbi,Correntes,Custódia,Flores,Garanhuns,Ibimirim,Itapetim,Pedra,Pesqueira,São José do Egito,Sertânia,Triunfo,Venturosa;
111;UNIDADE LOCAL DE BARÃO DE GRAJAÚ;65.800-000;Barão de Grajaú;(98) 3523-1160,;BR 230;MA;;Alto Parnaíba,Balsas,Barão de Grajaú,Colinas,Fortaleza dos Nogueiras,Loreto,Paraibano,Pastos Bons,Sambaíba,São Domingos do Azeitão,São Félix de Balsas,São João dos Patos,Sucupira do Riachão,Tasso Fragoso,São Raimundo das Mangabeiras;
28;UNIDADE LOCAL DE BARREIRAS/BA;47.800-145;Barreiras;(77) 3612-4076,;Rua 26 de Maio;BA;;Riachão das Neves,Santa Maria da Vitória,Santana,Santa Rita de Cássia,São Desidério,Sítio do Mato,Serra Dourada,Wanderley,Xique-Xique,Angical,Baianópolis,Barreiras,Barra,Buritirama,Catolândia,Correntina,Cristópolis,Formosa do Rio Preto,Gentio do Ouro,Ibotirama,Luis Eduardo Magalhães,Mansidão,Muquém de São Francisco;
95;UNIDADE LOCAL DE BAURU/SP;01.120-001;Bauru;(14) 3102-4450,;Rua Mobile di Piero;SP;;Ubirajara,Uchoa,Vera Cruz,Votuporanga,Zacarias,Sud Mennucci,Tabatinga,Taquaral,Taquaritinga,Taiúva,Tanabi,Teodoro Sampaio,Tupi Paulista,Turiúba,Ubarana,Inúbia Paulista,Ibaté,Ibirá,Ibitinga,Icém,Igarapava,Ituverava,Jaboticabal,Jaci,José Bonifácio,Jardinópolis,Lins,Lucélia,Luiziânia,Lupércio,Magda,Marabá Paulista,Maracaí,Mariápolis,Marília,Martinópolis,Matão,Mirante do Paranapanema,Mirassol,MonçõEs,Neves Paulista,Nhandeara,Nova Europa,Nova Granada,Ocauçu,Olímpia,Onda Verde,Orlândia,Monte Aprazível,Monte Azul Paulista,Osvaldo Cruz,Palestina,Paraguaçu Paulista,Parapuã,Paulicéia,Paulo de Faria,Penápolis,Pereira Barreto,Pindorama,Piquerobi,Pitangueiras,Platina,Poloni,Pontal,Pirajuí,Porto Ferreira,Presidente Bernardes,Presidente Epitácio,Presidente Prudente,Presidente Venceslau,Promissão,Pracinha,Rancharia,Regente Feijó,Reginópolis,Ribeirão do Sul,Ribeirão dos Índios,Ribeirão Preto,Rinópolis,Rubinéia,Sagres,Sales Oliveira,Salto Grande,Santa Adélia,Riolândia,Rosana,Santa Ernestina,Santa Rita do Passa Quatro,Santo Anastácio,Santo Antônio da Alegria,Santo Expedito,Santópolis do Aguapeí,Santa Mercedes,São Carlos,São Joaquim da Barra,São José do Rio Preto,São Pedro do Turvo,São Simão,Sebastianópolis do Sul,Severínia,Álvares Florence,Álvares Machado,Alvinlândia,Andradina,Aramina,Araraquara,Altinópolis,Alto Alegre,Assis,Auriflama,Avanhandava,Bady Bassitt,Balbinos,Barretos,Batatais,Bebedouro,Buritama,Buritizal,Cafelândia,Caiuá,Cajobi,Campos Novos Paulista,Castilho,Catanduva,Catiguá,Cedral,Colina,Colômbia,Cravinhos,Cardoso,Descalvado,Fernando Prestes,Floreal,Gavião Peixoto,General Salgado,Getulina,Guaiçara,Guaimbê,Guapiaçu,Dobrada,Dracena,Guará,Guarantã,Emilianópolis,Guariba,Guzolândia,Iacanga,Iacri;
104;UNIDADE LOCAL DE BOA VIAGEM/CE;63.870-000;Boa Viagem;(85) 3270-3489,;BR-020;CE;;Arneiroz,Boa Viagem,Canindé,Crateús,Independência,Ipaporanga,Itatira,Madalena,Milhã,Novo Oriente,Parambu,Pedra Branca,Poranga,Quiterianópolis,Senador Pompeu,Tauá;
81;UNIDADE LOCAL DE BOA VISTA/RR;69.301-130;Boa Vista;(95) 3224-8403,;Rua Barão do Rio Branco;RR;;Amajari,Boa Vista,Bonfim,Cantá,Caracaraí,Caroebe,Iracema,Mucajaí,Normandia,Pacaraima,Rorainópolis,São João da Baliza,São Luiz;
62;UNIDADE LOCAL DE BOM DESPACHO/MG;35600000;Bom Despacho;(37) 35221910,;Rua Francisco Ribeiro Rezende;MG;;Abaeté,Araújos,Arcos,Bambuí,Bom Despacho,Caetanópolis,Cedro do Abaeté,Conceição do Pará,Córrego Danta,Curvelo,Divinópolis,Felixlândia,Florestal,Igaratinga,Iguatama,Juatuba,Luz,Martinho Campos,Mateus Leme,Moema,Nova Serrana,Onça de Pitangui,Pará de Minas,Paraopeba,Pitangui,Santa Rosa da Serra,São Gonçalo do Abaeté,São Gonçalo do Pará,São Gotardo,Tiros,Três Marias;
512;UNIDADE LOCAL DE BRASILIA/DF;72549-650;Brasília;(61) 33943004,;Rodovia BR-040;DF;;Brasília,Água Fria de Goiás,Águas Lindas de Goiás,Alto Paraíso de Goiás,Alvorada do Norte;
49;UNIDADE LOCAL DE CÁCERES/MT;78.200-000;Cáceres;(65) 3223-1101,;Av. Santos Dumont;MT;;Vale de São Domingos,Pontes e Lacerda,Porto Esperidião,Nova Lacerda,Conquista D'Oeste,Cáceres,Figueirópolis D'Oeste,Comodoro,Glória D'Oeste,Jauru,Vila Bela da Santíssima Trindade,Mirassol D'Oeste;
151;UNIDADE LOCAL DE CALÇOENE/AP;68.908-901;Calçoene;(61) 3315-4000,;Av. Ernestino Borges;AP;;Calçoene,Ferreira Gomes,Laranjal do Jari,Macapá,Mazagão,Oiapoque,Amapá;
37;UNIDADE LOCAL DE CAMPINA GRANDE/PB;58.104-170;Campina Grande;(83) 3337-3102,;Av. Prefeito Severino Cabral, Bairro;PB;;Alagoa Nova,Alcantil,Algodão de Jandaíra,São João do Cariri,São Sebastião de Lagoa de Roça,Serra Branca,Soledade,Sumé,Tenório,Assunção,Barra de Santana,Barra de Santa Rosa,Boa Vista,Campina Grande,Cuité,Esperança,Gurinhém,Gurjão,Ingá,Itabaiana,Juazeirinho,Junco do Seridó,Juripiranga,Lagoa Seca,Mogeiro,Monteiro,Nova Floresta,Olivedos,Ouro Velho,Pocinhos,Prata,Puxinanã,Queimadas,Remígio,Riachão do Bacamarte,Santa Luzia;
134;UNIDADE LOCAL DE CAMPO DOS GOYTACAZES/RJ;28.042-500;Campos dos Goytacazes;(22) 2732-9898,;Av. Silvio Bastos Tavares;RJ;;Araruama,Arraial do Cabo,Campos dos Goytacazes,Cantagalo,Cardoso Moreira,Carmo,Casimiro de Abreu,Conceição de Macabu,Cordeiro,Duas Barras,São José de Ubá,São José do Vale do Rio Preto,São Pedro da Aldeia,São Sebastião do Alto,Silva Jardim,Tanguá,Bom Jardim,Bom Jesus do Itabapoana,Cabo Frio,Carapebus,Italva,Itaocara,Itaperuna,Macaé,Macuco,Nova Friburgo,Paty do Alferes,Itaboraí,Quissamã,Rio Bonito,Rio das Ostras,Santo Antônio de Pádua,São Fidélis,São Gonçalo,São João da Barra;
57;UNIDADE LOCAL DE CAMPO GRANDE/MS;79.021-201;Campo Grande;(67) 3302-5700,;Av. Mato Grosso;MS;;Ribas do Rio Pardo,Sidrolândia,Terenos,Dois Irmãos do Buriti,Campo Grande;
123;UNIDADE LOCAL DE CAMPO MOURÃO/PR;87.309-650;Campo Mourão;(41) 3361-7460,;BR-158;PR;;Adrianópolis,Almirante Tamandaré,Alto Paraná,Alto Piquiri,Anahy,Antonina,Antônio Olinto,Araruna,Araucária,Ariranha do Ivaí,Balsa Nova,Boa Ventura de São Roque,Bocaiúva do Sul,Borrazópolis,Brasilândia do Sul,Cafezal do Sul,Campo do Tenente,Campo Largo,Campo Magro,Campo Mourão,Cândido de Abreu,Campina Grande do Sul,Cianorte,Contenda,Corbélia,Colombo,Cruzeiro do Oeste,Curitiba,Diamante do Norte,Engenheiro Beltrão,Farol,Fazenda Rio Grande,Fernandes Pinheiro,Francisco Alves,General Carneiro,Goioerê,Guairaçá,Guaraqueçaba,Guaratuba,Icaraíma,Inajá,Iporã,Iretama,Itaúna do Sul,Ivaiporã,Japurá,Jardim Alegre,Jardim Olinda,Juranda,Jussara,Kaloré,Lapa,Janiópolis,Lidianópolis,Loanda,Luiziana,Mamborê,Mandaguaçu,Mandaguari,Mandirituba,Manoel Ribas,Mariluz,Maringá,Marialva,Marquinho,Marumbi,Mato Rico,Morretes,Nova Esperança,Nova Londrina,Nova Tebas,Palmeira,Palmital,Paranaguá,Paranapoema,Paranavaí,Paula Freitas,Paulo Frontin,Peabiru,Piraquara,Pitanga,Pinhais,Porto Amazonas,Porto Vitória,Presidente Castelo Branco,Quatro Barras,Quitandinha,Rancho Alegre D'Oeste,Reserva,Roncador,Rio Branco do Sul,Rio Negro,São Carlos do Ivaí,São João do Caiuá,São José dos Pinhais,São Mateus do Sul,São Tomé,Sarandi,Tamboara,Teixeira Soares,Terra Boa,Terra Roxa,Tijucas do Sul,Tunas do Paraná,Tuneiras do Oeste,Turvo,Ubiratã,Umuarama,Vila Alta;
50;UNIDADE LOCAL DE CAMPO NOVO DOS PARECIS/MT;78020900;Cuiabá;(65) 33154000,;Rua Treze de Junho 1296;MT;;Brasnorte,Campo Novo do Parecis,Diamantino,Campos de Júlio,Nortelândia,Tangará da Serra,Sapezal,Nova Marilândia;
51;UNIDADE LOCAL DE CAMPO VERDE/MT;78.840-000;Campo Verde;(65) 3315-4000,;Av. Manoel Genildo de Araújo;MT;;Tesouro,Pontal do Araguaia,Poxoréo,Dom Aquino,General Carneiro;
118;UNIDADE LOCAL DE CAPANEMA/PA;68701050;Capanema;(91) 34621035,;Av. João Paulo II;PA;;Afuá,Viseu,Tracuateua,Santa Isabel do Pará,Santa Luzia do Pará,Santa Maria do Pará,São Francisco do Pará,Ponta de Pedras,Peixe-Boi,Marituba,Muaná,Nova Timboteua,Capanema,Castanhal,Igarapé-Açu,Cachoeira do Piriá,Benevides,Bragança,Augusto Corrêa,Anajás,Ananindeua,Belém;
63;UNIDADE LOCAL DE CARATINGA/MG;35.300-276;Caratinga;(33) 33212411,(33) 33333333;Rua Dr. João Valadares;MG;;Pocrane,Piedade de Caratinga,Reduto,Nova Era,Matipó,Martins Soares,Manhuaçu,Iapu,Imbé de Minas,Inhapim,Ipaba,Ipanema,Jaguaraçu,Dom Cavati,Dom Silvério,Caratinga,Bugre,Antônio Dias,Abre Campo,Aimorés,Ubaporanga,Timóteo,Taparuba,São João do Manhuaçu,São Domingos do Prata,Santa Rita de Minas,Santo Antônio do Grama,Rio Casca,Rio Doce,Santa Bárbara do Leste,Santa Cruz do Escalvado;
77;UNIDADE LOCAL DE CARUARU/PE;55.000-000;Caruaru;(81) 3721-0815,;Rua Nazaré da Mata;PE;;Agrestina,Capoeiras,Calçado,Belo Jardim,Bezerros,Águas Belas,Itaíba,Iati,Jucati,Jupi,Lajedo,Cupira,Cachoeirinha,Caruaru,Tacaimbó,Taquaritinga do Norte,Toritama,São Caitano,São João,Saloá,Sanharó,Quipapá,Panelas,Paranatama;
101;UNIDADE LOCAL DE CASTANHO/AM;69.058-775;Humaitá;(92) 3878-5710,;Av. Recife;AM;;Tonantins,Borba,Japurá,Manaquiri,Manaus,Manicoré,Presidente Figueiredo,Rio Preto da Eva,Santa Isabel do Rio Negro,Santo Antônio do Içá,São Gabriel da Cachoeira,São Paulo de Olivença,Tabatinga,Barcelos,Beruri,Careiro,Careiro da Várzea;
64;UNIDADE LOCAL DE CAXAMBU/MG;37.440-000;Caxambu;(35) 3341-1721,;Av. Getúlio Vargas;MG;;Aiuruoca,Albertina,Arantina,Alfenas,Andradas,Andrelândia,Baependi,Bandeira do Sul,Areado,Botelhos,Cabo Verde,Cachoeira de Minas,Caldas,Camanducaia,Cambuí,Cambuquira,Campanha,Campestre,Careaçu,Carmo da Cachoeira,Carmo de Minas,Carvalhópolis,Carvalhos,Dom Viçoso,Elói Mendes,Divisa Nova,Extrema,Fama,Estiva,Cruzília,Delfim Moreira,Cristina,Conceição do Rio Verde,Congonhal,Caxambu,Cordislândia,Jacutinga,Ipuiúna,Itajubá,Ingaí,Itamonte,Itanhandu,Itapeva,Luminárias,Maria da Fé,Machado,Madre de Deus de Minas,Liberdade,Lambari,Jesuânia,Minduri,Monsenhor Paulo,Monte Belo,Monte Sião,Olímpio Noronha,Paraguaçu,Pouso Alegre,Pouso Alto,Poços de Caldas,Piranguçu,Piranguinho,Santa Rita de Caldas,Santa Rita do Sapucaí,São Gonçalo do Sapucaí,São Lourenço,São Sebastião da Bela Vista,Três CoraçõEs,São Vicente de Minas,Senador José Bento,Seritinga,Serrania,Soledade de Minas,Wenceslau Braz,Varginha;
112;UNIDADE LOCAL DE CAXIAS/MA;65.608-700;Caxias;(99) 3521-4059,;Av. Pirajá;MA;;Senador Alexandre Costa,Timon,Tuntum,São Luís Gonzaga do Maranhão,Santo Antônio dos Lopes,São João do Soter,São Domingos do Maranhão,Santa Filomena do Maranhão,Peritoró,Presidente Dutra,Governador Eugênio Barros,Jatobá,Lago Verde,MatõEs,Bacabal,Graça Aranha,Dom Pedro,Caxias,Codó,Barra do Corda,Alto Alegre do Maranhão,Bom Lugar,Capinzal do Norte;
87;UNIDADE LOCAL DE CHAAPECÓ/SC;89.810-800;Chapecó;(49) 33280120,(22) 22222222;Rodovia BR-282;SC;;Xanxerê,Xaxim,Vargeão,Riqueza,Saltinho,São Bernardino,São Carlos,São Domingos,São João do Oeste,São José do Cedro,São Lourenço do Oeste,São Miguel do Oeste,Saudades,Serra Alta,Tigrinhos,Abelardo Luz,Águas de Chapecó,Bom Jesus,Bom Jesus do Oeste,Caibi,Campo Erê,Chapecó,Cordilheira Alta,Cunha Porã,Descanso,Dionísio Cerqueira,Faxinal dos Guedes,Galvão,Guaraciaba,Guarujá do Sul,Guatambú,Iporã do Oeste,Ipuaçu,Iraceminha,Itapiranga,Jupiá,Mondaí,Nova Erechim,Nova Itaberaba,Palma Sola,Palmitos,Maravilha,Paraíso,Passos Maia,Pinhalzinho,Planalto Alegre;
65;UNIDADE LOCAL DE CONTAGEM/MG;39390-000;Bocaiúva;(31) 33337660,;Rua Firmino de Oliveira;MG;;Piranga,Presidente Juscelino,Presidente Kubitschek,Ribeirão das Neves,Rio Acima,Ouro Preto,Pedro Leopoldo,Nova Lima,Matozinhos,João Monlevade,José Raydan,Nova União,Mariana,Itamarandiba,Itabira,Itabirito,Itaverava,Inimutaba,Ibirité,Gouveia,Contagem,Congonhas,Couto de Magalhães de Minas,Datas,Esmeraldas,Diogo de Vasconcelos,Catas Altas da Noruega,Cantagalo,Caeté,Bom Jesus do Amparo,Bela Vista de Minas,Belo Horizonte,Barão de Cocais,Vespasiano,Serro,Sete Lagoas,São José do Jacuri,São Sebastião do Maranhão,São Pedro do Suaçuí,São Brás do Suaçuí,São Gonçalo do Rio Abaixo,Santa Luzia,Santa Maria do Suaçuí,Sabará,Sabinópolis,Santa Bárbara;
58;UNIDADE LOCAL DE COXIM/MS;79.400-000;Coxim;(67) 3291-1649,;Rua Feliciano Serreou Camy;MS;;Chapadão do Sul,Sonora,Paraíso das Águas,Rio Negro,Rio Verde de Mato Grosso,Rochedo,São Gabriel do Oeste,Camapuã,Bandeirantes,Alcinópolis,Costa Rica,Coxim,Figueirão,Jaraguari;
140;UNIDADE LOCAL DE CRUZ ALTA/RS;98.045-030;Cruz Alta;(55) 3324-1895,;BR 158;RS;;Arroio do Tigre,Barra do Guarita,Boa Vista das MissõEs,Boa Vista do Buricá,Boa Vista do Cadeado,Boa Vista do Incra,Bom Progresso,Bossoroca,Bozano,Caibaté,Campo Novo,Cerro Branco,Cerro Largo,Condor,Coronel Barros,Coronel Bicaco,Cruz Alta,Entre-Ijuís,Estrela Velha,Eugênio de Castro,Fortaleza dos Valos,Frederico Westphalen,Garruchos,Guarani das MissõEs,Humaitá,Ibirubá,Ijuí,Iraí,Jóia,Lagoa Bonita do Sul,Nova Candelária,Palmeira das MissõEs,Palmitinho,Panambi,Pejuçara,Pirapó,Porto Lucena,Porto Xavier,Roque Gonzales,Salto do Jacuí,Salvador das MissõEs,Santa Bárbara do Sul,Vista Alegre,Vista Gaúcha,Vitória das MissõEs,Santa Rosa,Santo Ângelo,Santo Augusto,Santo Cristo,São Borja,Santo Antônio das MissõEs,São José do Inhacorá,São Luiz Gonzaga,São Martinho,São Nicolau,São Pedro do Butiá,Seberi,Sede Nova,Sete de Setembro,Sobradinho,Taquaruçu do Sul,Tenente Portela,Tiradentes do Sul,Três de Maio,Três Passos;
29;UNIDADE LOCAL DE CRUZ DAS ALMAS/BA;44.380-000;Cruz das Almas;(75) 3621-1179,;Rod BR 101;BA;;Muritiba,Mutuípe,Nazaré,Olindina,Pedrão,Pojuca,Presidente Tancredo Neves,Muniz Ferreira,Laje,Itapicuru,Jaguaripe,Jiquiriçá,Inhambupe,Ibirapitanga,Itaquara,Governador Mangabeira,Gandu,Entre Rios,Esplanada,Dom Macedo Costa,Cruz das Almas,Coração de Maria,Cipó,Conceição da Feira,Conceição do Almeida,Conceição do Jacuípe,Catu,Camamu,Cachoeira,Aramari,Alagoinhas,Wenceslau Guimarães,Vera Cruz,Valença,Teodoro Sampaio,Teolândia,Ubaíra,São Félix,São Gonçalo dos Campos,Santa Inês,Santo Antônio de Jesus,São Miguel das Matas,São Sebastião do Passé,Sapeaçu,Rio Real;
53;UNIDADE LOCAL DE CUIABÁ/MT;78020-900;Cuiabá;(65) 3315-4000,;Rua 13 de Junho;MT;;Aripuanã,Nobres,Juína,Juruena,Cuiabá,Acorizal,Colniza,Campo Verde,Campinápolis,Castanheira,Chapada dos Guimarães,Primavera do Leste,Jangada,Poconé,Nossa Senhora do Livramento,Nova Brasilândia,Nova Mutum,Rosário Oeste,Santo Antonuio do Leste,Santo Antônio do Leverger,Várzea Grande;
136;UNIDADE LOCAL DE CURRAIS NOVOS/RN;59.380-001;Currais Novos;(84) 3431-1699,;Av. 13 de Maio;RN;;São Vicente,Triunfo Potiguar,Santa Cruz,Santana do Matos,São Fernando,Serra Negra do Norte,Tangará,Tenente Laurentino Cruz,Timbaúba dos Batistas,Acari,Caicó,Campo Redondo,Cerro Corá,Coronel Ezequiel,Currais Novos,Florânia,Jaçanã,Jardim do Seridó,Jucurutu,Lajes Pintadas;
59;UNIDADE LOCAL DE DOURADOS/MS;79.840-140;Dourados;(67) 3424-4471,;Rua Amâncio de Matos Pereira;MS;;Rio Brilhante,Vicentina,Ponta Porã,Nova Alvorada do Sul,Nova Andradina,Mundo Novo,Naviraí,Jateí,Juti,Glória de Dourados,Itaquiraí,Ivinhema,Deodápolis,Douradina,Dourados,Eldorado,Fátima do Sul,Batayporã,Caarapó;
30;UNIDADE LOCAL DE EUCLIDES DA CUNHA/BA;48.500-000;Euclides da Cunha;(75) 3271-1110,;Rua Marechal Juarez Távora;BA;;Rodelas,Ribeira do Pombal,Santa Brígida,Tucano,Sítio do Quinto,Antas,Abaré,Canudos,Chorrochó,Cícero Dantas,Coronel João Sá,Euclides da Cunha,Glória,Jeremoabo,Macururé,Quijingue,Paulo Afonso,Pedro Alexandre;
31;UNIDADE LOCAL DE EUNÁPOLIS/BA;45.820-270;Eunápolis;(73) 3281-3464,;Praça Armando Ribeiro Carneiro;BA;;Prado,Porto Seguro,Nova Viçosa,Mucuri,Eunápolis,Itamaraju,Itabela,Itagimirim,Ibirapuã,Caravelas,Alcobaça,Teixeira de Freitas,Vereda,Santa Cruz Cabrália;
32;UNIDADE LOCAL DE FEIRA DE SANTANA/BA;44.007-095;Feira de Santana;(75) 3221-0197,;Av. Rio de Janeiro;BA;;Retirolândia,Rio do Pires,Riachão do Jacuípe,Ruy Barbosa,Salinas da Margarida,Salvador,Santa Bárbara,Sátiro Dias,Seabra,São José do Jacuípe,Santo Estêvão,Santo Amaro,Várzea da Roça,Várzea Nova,Utinga,Tanquinho,Serrinha,SimõEs Filho,Souto Soares,Teofilândia,Wagner,Amélia Rodrigues,Antônio Cardoso,Andaraí,Araci,Baixa Grande,Barro Alto,Barrocas,Biritinga,Capela do Alto Alegre,Capim Grosso,Canarana,Candeal,Candeias,Caém,Cafarnaum,Bonito,Brotas de Macaúbas,Ibitiara,Ibititá,Ipirá,Ibipeba,Ibipitanga,Iraquara,Itaberaba,Itaparica,Feira de Santana,Gavião,Castro Alves,Conceição do Coité,Mulungu do Morro,Mundo Novo,Morro do Chapéu,Mairi,Maragogipe,Jacobina,Lajedinho,Lamarão,Lençóis,Macajuba,Novo Horizonte,Nova Fátima,Oliveira dos Brejinhos,Ourolândia,Palmeiras,Nova Soure,Quixabeira,Rafael Jambeiro,Pintadas;
129;UNIDADE LOCAL DE FLORIANO/PI;64.800-000;Floriano;(89) 3133-1400,;BR - 343;PI;;Água Branca,Alvorada do Gurguéia,Amarante,Angical do Piauí,Avelino Lopes,Baixa Grande do Ribeiro,Bertolínia,Brejo do Piauí,Bom Jesus,Caracol,Canavieira,Canto do Buriti,Colônia do Gurguéia,Corrente,Cristalândia do Piauí,Cristino Castro,Curimatá,Currais,Eliseu Martins,Gilbués,Guadalupe,Guaribas,Floriano,Francisco Ayres,Jerumenha,Jurema,Lagoinha do Piauí,Manoel Emídio,Monte Alegre do Piauí,Nazaré do Piauí,Oeiras,Redenção do Gurguéia,Regeneração,Ribeiro Gonçalves,Santa Filomena,Santa Luz,Santo Antônio dos Milagres,São Francisco do Piauí,São Gonçalo do Gurguéia,São Gonçalo do Piauí,São João da Varjota,Sebastião Leal,São Pedro do Piauí,Uruçuí;
105;UNIDADE LOCAL DE FORTALEZA/CE;60.864-012;Fortaleza;(85) 3270-3454,;Rodovia BR 116;CE;;Caridade,Caucaia,Aquiraz,Fortaleza,Horizonte,Eusébio,Pentecoste,Pacajus,Pacatuba,Maracanaú,Maranguape,Itaitinga,Itapagé,Umirim,São Luís do Curu,Tejuçuoca,São Gonçalo do Amarante;
125;UNIDADE LOCAL DE FOZ DO IGUAÇU/PR;85.865-370;Foz do Iguaçu;(41) 3361-7470,;Rua Santo Rafagnin;PR;;Toledo,São Miguel do Iguaçu,Santa Tereza do Oeste,Santa Terezinha de Itaipu,Santa Lúcia,Quatro Pontes,Medianeira,Mercedes,Matelândia,Marechal Cândido Rondon,Lindoeste,Guaíra,Foz do Iguaçu,Céu Azul,Capitão Leônidas Marques,Cascavel;
66;UNIDADE LOCAL DE GOVERNADOR VALADARES/MG;30.044-210;Governador Valadares;(33) 3272-2567,;Rua Pedro Muller de Faria;MG;;Alvarenga,Alpercata,Belo Oriente,Central de Minas,Divino das Laranjeiras,Divinolândia de Minas,Engenheiro Caldas,Dores de Guanhães,Ferros,Coroaci,Coronel Fabriciano,Conselheiro Pena,Governador Valadares,Galiléia,Gonzaga,Guanhães,Ipatinga,Itueta,Itanhomi,Marilac,Mantena,Nacip Raydan,Naque,Peçanha,Resplendor,Periquito,Santa Maria de Itabira,Santana do Paraíso,Santa Efigênia de Minas,São João do Manteninha,São João Evangelista,Sardoá,Senhora do Porto,Tumiritinga,Tarumirim,Mathias Lobato,Virginópolis,Virgolândia;
149;UNIDADE LOCAL DE GURUPI/TO;77.402-410;Gurupi;(63) 3314-1439,;BR-153/TO;TO;;Silvanópolis,Taguatinga,Talismã,Santa Rita do Tocantins,Santa Rosa do Tocantins,Paranã,Natividade,Crixás do Tocantins,Gurupi,Peixe,Aliança do Tocantins,Alvorada,Chapada da Natividade,Dueré,Fátima,Figueirópolis,Formoso do Araguaia,Cariri do Tocantins,Arraias;
102;UNIDADE LOCAL DE HUMAITÁ/AM;69.800-000;Humaitá;(97) 3373-5764,;Rua Circula Municipal;AM;;Guajará,Humaitá,Boca do Acre,Benjamin Constant,Apuí,Atalaia do Norte,Tapauá,Maués,Novo Aripuanã,Jutaí,Lábrea,Canutama,Carauari;
106;UNIDADE LOCAL DE ICÓ/CE;63.340-000;Icó;(88) 561-1144 ,;Rua de Cruzeiro;CE;;Quixelô,Salitre,Orós,Santana do Cariri,Umari,Solonópole,Várzea Alegre,Icó,Iguatu,Jaguaribe,Jati,Juazeiro do Norte,Lavras da Mangabeira,Penaforte,Pereiro,Porteiras,Granjeiro,Milagres,Farias Brito,Catarina,Ererê,Crato,Ipaumirim,Barro,Brejo Santo,Caririaçu,Cariús,Campos Sales,Assaré,Baixio,Abaiara,Acopiara;
113;UNIDADE LOCAL DE IMPERATRIZ/MA;65.903-390;Imperatriz;(99) 3524-5559,;Rodovia BR 010;MA;;Açailândia,Carolina,Buriticupu,Campestre do Maranhão,Bom Jesus das Selvas,Cidelândia,Estreito,Grajaú,Davinópolis,Governador Edison Lobão,Lajeado Novo,Jenipapo dos Vieiras,Imperatriz,Itinga do Maranhão,Porto Franco,Riachão,Ribamar Fiquene,Santa Luzia,São Francisco do Brejão,Sítio Novo;
33;UNIDADE LOCAL DE ITABUNA/BA;45.607-291;Itabuna;(73) 3211-5865,;Av Princesa Isabel;BA;;Uruçuca,Ubaitaba,São José da Vitória,Santa Cruz da Vitória,Buerarema,Camacan,Boa Nova,Governador Lomanto Júnior,Belmonte,Arataca,Aurelino Leal,Potiraguá,Pau Brasil,Itapitanga,Maraú,Mascote,Firmino Alves,Floresta Azul,Itapé,Itapebi,Itapetinga,Itarantim,Itabuna,Itacaré,Ilhéus,Itajuípe,Ibicaraí,Dário Meira,Ibicuí;
119;UNIDADE LOCAL DE ITAITUBA/PA;68.181-490;Itaituba;(93) 3518-1265,;Escritório do DNER;PA;;Alenquer,Almeirim,Altamira,Belterra,Itaituba,Curuá,Novo Progresso,Jacareacanga,Rurópolis,Óbidos,Oriximiná,Trairão,Santarém;
60;UNIDADE LOCAL DE JARDIM/MS;5005004;Jardim;(67) 3302-5744,;Av. Mato Grosso;MS;;Caracol,Bela Vista,Guia Lopes da Laguna,Jardim,Nioaque,Maracaju,Porto Murtinho;
45;UNIDADE LOCAL DE JATAÍ/GO;75.800-000;Jataí;(64) 631-1306 ,;Rua D. Pedro II nº;GO;;Aparecida do Rio Doce,Aporé,Cachoeira Alta,Caçu,Caiapônia,Mineiros,Chapadão do Céu,Jataí,Itajá,Itarumã,Portelândia,Serranópolis,São Simão,Santa Rita do Araguaia;
34;UNIDADE LOCAL DE JEQUIÉ-BA/BA;45.201.475;Jequié;(73) 3525-2924,;Av. Governador Aurélio Viana;BA;;Ibicoara,Ibiquera,Irajuba,Iramaia,Ipiaú,Itaeté,Itatim,Contendas do Sincorá,Milagres,Mucugê,Maracás,Jaguaquara,Jitaúna,Jequié,Lafaiete Coutinho,Nova Itarana,Nova Redenção,Aiquara,Boa Vista do Tupim,Barra do Rocha,BrejõEs,Barra da Estiva,Santa Teresinha,Ubatã;
82;UNIDADE LOCAL DE JI-PARANÁ/RO;76900062;Ji-Paraná;(69) 34210571,;Rua Pedro Teixeira;RO;;Monte Negro,São Francisco do Guaporé,Seringueiras,Theobroma,Ariquemes,Ouro Preto do Oeste,Costa Marques,Jaru,Ji-Paraná,Presidente Médici,Rio Crespo,Alvorada D'Oeste,Alto Paraíso,Cacaulândia,Campo Novo de Rondônia,Governador Jorge Teixeira;
88;UNIDADE LOCAL DE JOAÇABA/SC;89.600-000;Joaçaba;(49) 3522-0270,;Rodovia BR-282;SC;;Seara,Zortéa,Vargem Bonita,Ponte Serrada,Presidente Castelo Branco,Matos Costa,Ouro,Ipira,Joaçaba,Irani,Itá,Herval D'Oeste,Erval Velho,Concórdia,Capinzal,Catanduvas,Campos Novos,Água Doce,Arabutã,Arvoredo;
89;UNIDADE LOCAL DE JOINVILLE/SC;89.214-370;Joinville;(47) 3453-1655,;Rodovia BR-101;SC;;Araquari,Balneário Barra do Sul,Barra Velha,Guaramirim,Garuva,Joinville,Jaraguá do Sul,Piçarras,Penha,Schroeder,São Francisco do Sul;
67;UNIDADE LOCAL DE JUIZ DE FORA/MG;36.045-490;Juiz de Fora;(32) 3224-4140,;Rua Santa Terezinha;MG;;Ressaquinha,Prados,Olaria,Oliveira Fortes,Mercês,Matias Barbosa,Lima Duarte,Lagoa Dourada,Juiz de Fora,Conselheiro Lafaiete,Cristiano Otoni,Coronel Xavier Chaves,Desterro do Melo,Entre Rios de Minas,Ewbank da Câmara,Chácara,Carandaí,Bom Jardim de Minas,Bicas,Alfredo Vasconcelos,Barbacena,Barroso,Tiradentes,Simão Pereira,Santos Dumont,Santa Bárbara do Tugúrio,Santa Rita de Jacutinga,Rio Pomba;
90;UNIDADE LOCAL DE LAGES/SC;88.508-620;Lages;(49) 3225-2588,;Rua Getúlio Vargas;SC;;São José do Cerrito,São Joaquim,Vargem,Urubici,Ponte Alta,Ituporanga,Lages,Imbuia,Chapadão do Lageado,Correia Pinto,Bocaina do Sul,Capão Alto,Bom Retiro;
68;UNIDADE LOCAL DE LEOPOLDINA/MG;36.700-340;Leopoldina;(32) 3441-4322,;Av. Getúlio Vargas;MG;;Argirita,Astolfo Dutra,Araponga,Além Paraíba,Caiana,Cajuri,Carangola,Canaã,Cataguases,Eugenópolis,Estrela Dalva,Ervália,Espera Feliz,Fervedouro,Dona Eusébia,Divino,Coimbra,Guarará,Guidoval,Laranjal,Leopoldina,Maripá de Minas,Miradouro,Miraí,Muriaé,Orizânia,Patrocínio do Muriaé,Porto Firme,Ponte Nova,Pirapetinga,Rodeiro,Rosário da Limeira,Santana de Cataguases,São Francisco do Glória,São Geraldo,São Miguel do Anta,São Sebastião da Vargem Alegre,Tocantins,Teixeiras,Visconde do Rio Branco,Volta Grande,Viçosa,Ubá;
126;UNIDADE LOCAL DE LONDRINA/PR;86.030-140;Londrina;(41) 3361-7450,;Rua Ametista;PR;;Andirá,Califórnia,Cambará,Cambé,Cambira,Bandeirantes,Barbosa Ferraz,Apucarana,Arapongas,Bom Sucesso,Cornélio Procópio,Faxinal,Cruzmaltina,Figueira,Fênix,Jaboti,Jandaia do Sul,Ibiporã,Lunardelli,Londrina,Jataizinho,Marilândia do Sul,Pinhalão,Santa Mariana,Santana do Itararé,Rolândia,São Pedro do Ivaí,São João do Ivaí,Tomazina,Siqueira Campos,Tamarana,Sapopema,Uraí,Wenceslau Braz;
137;UNIDADE LOCAL DE MACAÍBA/RN;59280001;Macaíba;(84) 32711306,;BR-304;RN;;Taipu,Senador Elói de Souza,Touros,São Gonçalo do Amarante,São José de Mipibu,São Pedro,Afonso Bezerra,Arês,Goianinha,Parnamirim,Extremoz,Canguaretama,Ceará-Mirim,Baía Formosa,Bom Jesus,Caiçara do Rio do Vento,Macaíba,Macau,João Câmara,Jandaíra,Guamaré,Ielmo Marinho,Maxaranguape,Natal,Nísia Floresta,Rio do Fogo,Poço Branco,Presidente Juscelino,Santa Maria,Riachuelo;
40;UNIDADE LOCAL DE MACEIÓ/AL;57.030-160;Maceió;(82) 3131-1446,;Rua Desembargador Almeida Guimarães;AL;;São Brás,São José da Laje,São Miguel dos Campos,São Sebastião,Satuba,Tanque D'Arca,Teotônio Vilela,União dos Palmares,Viçosa,Atalaia,Belém,Branquinha,Chã Preta,Colônia Leopoldina,Coqueiro Seco,Flexeiras,Ibateguara,Igreja Nova,Jequiá da Praia,Joaquim Gomes,Junqueiro,Maceió,Cajueiro,Campo Alegre,Marechal Deodoro,Maribondo,Murici,Novo Lino,Olho D'Água Grande,Matriz de Camaragibe,Messias,Pilar,Porto Real do Colégio,Rio Largo,Santa Luzia do Norte;
91;UNIDADE LOCAL DE MAFRA/SC;89.300-000;Mafra;(47) 3642-4757,;Av. Cel. José Severiano Maia;SC;;Três Barras,São Bento do Sul,Rio Negrinho,Canoinhas,Bela Vista do Toldo,Corupá,Itaiópolis,Irineópolis,Mafra,Major Vieira,Porto União,Monte Castelo,Papanduva;
120;UNIDADE LOCAL DE MARABÁ/PA;68.502-280;Marabá;(94) 3324-9754,;Rodovia BR-230;PA;;São Domingos do Araguaia,Tucuruí,São Geraldo do Araguaia,São João do Araguaia,Oeiras do Pará,Palestina do Pará,Limoeiro do Ajuru,Marabá,Novo Repartimento,Itupiranga,Baião,Abel Figueiredo,Bom Jesus do Tocantins,Cametá,Brejo Grande do Araguaia;
69;UNIDADE LOCAL DE MONTES CLAROS/MG;39.401-470;Montes Claros;(38) 32216922,;Av. Atlântica;MG;;Águas Vermelhas,Augusto de Lima,Chapada do Norte,Capitão Enéas,Carbonita,Buenópolis,Berilo,Pirapora,Pedras de Maria da Cruz,Porteirinha,Patis,Padre Carvalho,Nova Porteirinha,Olhos-D'Água,Novorizonte,Montes Claros,Montezuma,Monte Azul,Montalvânia,Mirabela,Minas Novas,Mato Verde,Lontra,Mamonas,Manga,Lassance,Juvenília,Joaquim Felício,Jequitaí,Grão Mogol,Francisco Sá,Fruta de Leite,Ibiaí,Itacarambi,Janaúba,Januária,Japonvar,Claro dos PoçõEs,Cônego Marinho,Coração de Jesus,Corinto,Diamantina,Coronel Murta,Engenheiro Navarro,São Gonçalo do Rio Preto,Espinosa,Várzea da Palma,Virgem da Lapa,Turmalina,Taiobeiras,Senador Modestino Gonçalves,São João da Lagoa,São João das MissõEs,Santo Antônio do Retiro,Santa Cruz de Salinas,Rubelita,Rio Pardo de Minas,Salinas;
138;UNIDADE LOCAL DE MOSSORÓ/RN;59.625-301;Mossoró;(84) 3312-2722,;Av. Francisco Mota;RN;;Upanema,Pedro Avelino,Tibau,Fernando Pedroza,Mossoró,Itajá,Lajes,Baraúna,Areia Branca,Angicos,Açu;
70;UNIDADE LOCAL DE OLIVEIRA/MG;35.540-000;Oliveira;(33) 3331-7020,;Alameda Nossa Senhora de Fátima;MG;;Aguanil,Boa Esperança,Brumadinho,Campo Belo,Campos Gerais,Cana Verde,Candeias,Conceição da Barra de Minas,Carmo do Rio Claro,Carmópolis de Minas,Carmo da Mata,Formiga,Coqueiral,Cláudio,Itumirim,Itutinga,Itaguara,Itatiaiuçu,Itapecerica,Igarapé,Ilicínea,Lavras,Nazareno,Oliveira,Ribeirão Vermelho,PerdõEs,Ritápolis,Rio Manso,Santana da Vargem,Santo Antônio do Amparo,São Francisco de Paula,São João Del Rei,São Joaquim de Bicas,São Sebastião do Oeste,São Tiago;
150;UNIDADE LOCAL DE PALMAS/TO;77.024-002;Palmas;(63) 3216-8101,;Av. Joaquim Teotônio Segurado;TO;;Aparecida do Rio Negro,Araguacema,Araguaína,Centenário,Barrolândia,Bom Jesus do Tocantins,Brasilândia do Tocantins,Fortaleza do Tabocão,Goianorte,Colinas do Tocantins,Guaraí,Colméia,Piraquê,Porto Nacional,Presidente Kennedy,Pugmil,Rio dos Bois,Rio Sono,Lizarda,Miracema do Tocantins,Miranorte,Pedro Afonso,Nova Olinda,Nova Rosalândia,Oliveira de Fátima,Palmeirante,Paraíso do Tocantins,Palmas,Tupirama,Wanderlândia,Xambioá;
141;UNIDADE LOCAL DE PASSO FUNDO/RS;99.010-128;Passo Fundo;(51) 3406-9535,;Travessa Boa Viagem;RS;;Vale do Sol,Venâncio Aires,Vera Cruz,Veranópolis,Victor Graeff,Vila Flores,Westfalia,Três Arroios,Teutônia,Tio Hugo,Sarandi,Taquari,Soledade,Tabaí,Severiano de Almeida,Sinimbu,Sertão,São Valentim,São Pedro da Serra,São Pedro das MissõEs,São José das MissõEs,São José do Herval,São José do Sul,Santo Antônio do Planalto,Água Santa,Almirante Tamandaré do Sul,André da Rocha,Barão,Barão de Cotegipe,Bom Retiro do Sul,Barra Funda,Barros Cassal,Bento Gonçalves,Boa Vista do Sul,Salvador do Sul,Sagrada Família,Saldanha Marinho,Pouso Novo,Pinheirinho do Vale,Quatro Irmãos,Passo Fundo,Paulo Bento,Muliterno,Nonoai,Nova Prata,Montenegro,Mormaço,Lagoa Vermelha,Lajeado,Lajeado do Bugre,Marcelino Ramos,Marques de Souza,Mato Castelhano,Mato Leitão,Jaboticaba,Ipiranga do Sul,Herveiras,Gramado Xavier,Gaurama,Gentil,Garibaldi,Fontoura Xavier,Fazenda Vilanova,Estrela,Erebango,Erechim,Ernestina,Erval Grande,Estação,Cruzeiro do Sul,Coxilha,Ciríaco,Colorado,Candelária,Carazinho,Carlos Barbosa,Caseiros;
71;UNIDADE LOCAL DE PASSOS/MG;39.902-340;Passos;(35) 3521-9076,;Rua Caxambu;MG;;Passos,Monte Santo de Minas,Muzambinho,Guaxupé,Guaranésia,Itamogi,Jacuí,Delfinópolis,Bom Jesus da Penha,Arceburgo,Alpinópolis,Tapira,São Sebastião do Paraíso,São Pedro da União,São Roque de Minas,São João Batista do Glória,Sacramento,Vargem Bonita;
127;UNIDADE LOCAL DE PATO BRANCO/PR;85.504-018;Pato Branco;(41) 3361-7430,;Rua Silveira Martins;PR;;Virmond,Vitorino,Saudade do Iguaçu,União da Vitória,Rio Bonito do Iguaçu,Santo Antônio do Sudoeste,Pranchita,Palmas,Renascença,Realeza,Planalto,Pérola D'Oeste,Pato Branco,Nova Laranjeiras,Mariópolis,Marmeleiro,Laranjeiras do Sul,Barracão,Bom Jesus do Sul,Ibema,Inácio Martins,Itapejara D'Oeste,Flor da Serra do Sul,Foz do Jordão,Guaraniaçu,Guarapuava,Diamante do Sul,Cruz Machado,Coronel Vivida,Chopinzinho,Clevelândia,Bom Sucesso do Sul,Campo Bonito,Catanduvas,Candói,Cantagalo,Capanema;
72;UNIDADE LOCAL DE PATOS DE MINAS/MG;38.700-000;Patos de Minas;(34) 3823-1161,;Rua Dr. Marcolino;MG;;Araxá,Arapuá,Arinos,Abadia dos Dourados,Bonfinópolis de Minas,Brasilândia de Minas,Buritis,Buritizeiro,Carmo do Paranaíba,Chapada Gaúcha,Campos Altos,Coromandel,Cruzeiro da Fortaleza,Formoso,Dom Bosco,Guarda-Mor,Ibiá,Natalândia,Lagamar,João Pinheiro,Lagoa Formosa,Lagoa Grande,Patos de Minas,Paracatu,Presidente Olegário,Rio Paranaíba,Santa Fé de Minas,Serra do Salitre,Vazante,Varjão de Minas,Uruana de Minas,Unaí;
38;UNIDADE LOCAL DE PATOS/PB;58.704-000;Patos;(83) 3421-2748,;Rua Moacir Leitão;PB;;Piancó,Marizópolis,Patos,Paulista,Nova Olinda,Olho D'Água,Malta,Santana dos Garrotes,Santarém,Santa Teresinha,São Bento,São Bentinho,São Domingos de Pombal,Quixabá,Princesa Isabel,Poço Dantas,Pombal,Itaporanga,Ibiara,Diamante,Emas,Coremas,Catingueira,Conceição,Condado,Bom Jesus,Brejo do Cruz,Cachoeira dos Índios,Cajazeiras,Cajazeirinhas,São João do Rio do Peixe,Aparecida,Belém do Brejo do Cruz,Boa Ventura,Santa Inês,Uiraúna,Tavares,Teixeira,Sousa,São José de Espinharas,São José do Bonfim,São José do Brejo do Cruz,São Mamede;
139;UNIDADE LOCAL DE PAU DOS FERROS/RN;59.625-301;Pau dos Ferros;(84) 4005-4905,;Av. Francisco Mota;RN;;São Francisco do Oeste,Serrinha dos Pintos,Severiano Melo,Taboleiro Grande,Antônio Martins,Apodi,Almino Afonso,Augusto Severo,Felipe Guerra,Governador Dix-Sept Rosado,Frutuoso Gomes,Luís Gomes,Major Sales,Marcelino Vieira,Itaú,Janduís,José da Penha,Messias Targino,Patu,Rodolfo Fernandes,Pau dos Ferros,Rafael Fernandes,Rafael Godeiro,Riacho de Santana;
114;UNIDADE LOCAL DE PEDRINHAS/MA;65.020.290;São Luís;(98) 2106-6263,;Rua Jansen Muller;MA;;São Mateus do Maranhão,São Luís,Santa Luzia do Paruá,Santa Rita,Santo Amaro do Maranhão,Santa Inês,Turiaçu,Tutóia,Vargem Grande,Vitória do Mearim,Zé Doca,Serrano do Maranhão,Satubinha,Rosário,Presidente Médici,Presidente Vargas,Primeira Cruz,Pindaré-Mirim,Pio Xii,Paulino Neves,Luís Domingues,Maracaçumé,Maranhãozinho,Mata Roma,Itapecuru Mirim,Governador Newton Bello,Governador Nunes Freire,Junco do Maranhão,MatõEs do Norte,Miranda do Norte,Mirinzal,Monção,Morros,Nova Olinda do Maranhão,Olho D'Água das Cunhãs,Godofredo Viana,Humberto de Campos,Icatu,Igarapé do Meio,Cururupu,Central do Maranhão,Chapadinha,Brejo,Cândido Mendes,Carutapera,Barreirinhas,Bela Vista do Maranhão,Bequimão,Boa Vista do Gurupi,Bom Jardim,Água Doce do Maranhão,Alcântara,Bacabeira,Bacuri,Anapurus,Araguanã,Araioses,Arari,Axixá;
142;UNIDADE LOCAL DE PELOTAS/RS;96.030-001;Pelotas;(53) 3221-0222,;Av. Duque de Caxias;RS;;Arroio Grande,Capão do Leão,Candiota,Canguçu,Chuí,Cerrito,Cristal,Herval,Encruzilhada do Sul,Jaguarão,Morro Redondo,Mostardas,Pedras Altas,Pedro Osório,Piratini,Pelotas,Palmares do Sul,Rio Grande,Pinheiro Machado,Santa Vitória do Palmar,Santana da Boa Vista,São Lourenço do Sul,São José do Norte,Tavares,Turuçu;
78;UNIDADE LOCAL DE PETROLINA/PE;55.300-000;Petrolina;(87) 3863-0424,;Av. Honório Viana;PE;;Afrânio,Dormentes,Lagoa Grande,Orocó,Petrolina,Santa Cruz,Santa Maria da Boa Vista;
130;UNIDADE LOCAL DE PICOS/PI;64.600-000;Picos;(89) 3133-1400,;Av. Helvídio Nunes;PI;;Coronel José Dias,Bonfim do Piauí,Campinas do Piauí,Campo Grande do Piauí,Bocaina,Acauã,Bela Vista do Piauí,Barro Duro,Alegrete do Piauí,Simplício Mendes,Sussuapara,São Julião,São Lourenço do Piauí,São Miguel da Baixa Grande,São João do Piauí,São João da Canabrava,Santo Antônio de Lisboa,Nova Santa Rita,Picos,Pimenteiras,Pio Ix,Olho D'Água do Piauí,Lagoa do Sítio,Passagem Franca do Piauí,Patos do Piauí,Paulistana,Marcolândia,João Costa,Francisco Macedo,Francisco Santos,Fronteiras,Geminiano,Inhuma,Ipiranga do Piauí,Isaías Coelho,Itainópolis,Jacobina do Piauí,Jaicós,Dirceu Arcoverde,Dom Expedito Lopes,Elesbão Veloso,Monsenhor Hipólito,São Raimundo Nonato,Valença do Piauí,Várzea Branca,Vera Mendes,Vila Nova do Piauí;
83;UNIDADE LOCAL DE PIMENTA BUENO/RO;76970000;Pimenta Bueno;(69) 34512761,;Rua Marechal Rondon;RO;;Pimenteiras do Oeste,Chupinguaia,Pimenta Bueno,Cacoal,Cerejeiras,Colorado do Oeste;
131;UNIDADE LOCAL DE PIRIPIRI/PI;64.260-000;Piripiri;(86) 3133-1460,;Av. Ceará;PI;;Esperantina,Demerval Lobão,Juazeiro do Piauí,Lagoa do Piauí,Matias Olímpio,Milton Brandão,Monsenhor Gil,Nossa Senhora de Nazaré,Novo Santo Antônio,Pedro Ii,Luís Correia,Parnaíba,Piracuruca,Piripiri,São João da Fronteira,São José do Divino,São João do Arraial,São Miguel do Tapuio,Teresina,Alto Longá,Altos,Batalha,Campo Maior,Brasileira,Buriti dos Lopes,Buriti dos Montes,Cajueiro da Praia,Capitão de Campos,Caraúbas do Piauí,Castelo do Piauí,Caxingó,Cocal,Cocal de Telha,Coivaras;
128;UNIDADE LOCAL DE PONTA GROSSA/PR;84.010-240;Ponta Grossa;(41) 3361-7490,;Rua Dr. Penteado de Almeida;PR;;Ventania,Doutor Ulysses,Santo Antônio da Platina,Tibagi,Telêmaco Borba,Mallet,Japira,Mauá da Serra,Ortigueira,Ponta Grossa,Rebouças,Rio Azul,Prudentópolis,Cerro Azul,Castro,Conselheiro Mairinck,Ibaiti,Guamiranga,Guapirama,Ivaí,Jacarezinho,Imbaú,Imbituva,Irati,Ipiranga;
152;UNIDADE LOCAL DE PORTO GRANDE/AP;68.908-901;Porto Grande;(61) 3315-4000,;Av. Ernestino Borges;AP;;Serra do Navio,Pedra Branca do Amaparí,Porto Grande,Pracuúba,Santana,Tartarugalzinho;
84;UNIDADE LOCAL DE PORTO VELHO/RO;76801224;Porto Velho;(69) 32181100,(31) 936442142;Rua Herbert de Azevedo;RO;;Porto Velho,Guajará-Mirim,Itapuã do Oeste,Candeias do Jamari,Buritis,Nova Mamoré;
103;UNIDADE LOCAL DE PRAINHA/AM;69058775;Manaus;(92) 38785746,;Avenida Recife;AM;;Alvarães;
73;UNIDADE LOCAL DE PRATA/MG;38.140-000;Prata;(34) 3431-1299,;Rua Tenente Reis;MG;;Canápolis,Centralina,Capinópolis,Carneirinho,Campina Verde,Cachoeira Dourada,Prata,Gurinhatã,Fronteira,Frutal,Iturama,Ituiutaba,Itapagipe,Comendador Gomes,União de Minas,Santa Vitória;
115;UNIDADE LOCAL DE PRESIDENTE VARGAS/MA;65.800-000;Presidente Vargas;;BR-230;MA;;;
79;UNIDADE LOCAL DE RECIFE/PE;51.010-000;Recife;(81) 3453-4144,;Av. Antônio de Goés;PE;;Vitória de Santo Antão,Xexéu,São Lourenço da Mata,Tracunhaém,Palmares,Timbaúba,Pombos,Recife,Ribeirão,Sairé,Moreno,Nazaré da Mata,Paudalho,Paulista,Joaquim Nabuco,Itambé,Itapissuma,Jaboatão dos Guararapes,Igarassu,Estratégico Regional,Escada,Goiana,Gameleira,Gravatá,Fernando de Noronha,Ferreiros,Água Preta,Abreu e Lima,Aliança,Cabo de Santo Agostinho,Carpina,Camutanga;
121;UNIDADE LOCAL DE REDENÇÃO/PA;68.502-280;Redenção;(94) 3324-9754,;Rodovia BR-230;PA;;Água Azul do Norte,Sapucaia,Xinguara,Bannach,Cumaru do Norte,Eldorado dos Carajás,Parauapebas,Pau D'Arco,Ourilândia do Norte,Piçarra,Redenção,Rio Maria,Santana do Araguaia,Santa Maria das Barreiras,São Félix do Xingu;
96;UNIDADE LOCAL DE REGISTRO/SP;11.900-000;Registro;(13) 3828-4010,;Avenida Castelo Branco;SP;;;
100;UNIDADE LOCAL DE RIO BRANCO/AC.;69908-760;Rio Branco;(31) 997910010,;Avenida Principal;AC;;Acrelândia,Assis Brasil,Brasiléia,Bujari,Capixaba,Cruzeiro do Sul,Epitaciolândia,Feijó,Mâncio Lima,Manoel Urbano,Marechal Thaumaturgo,Porto Walter,Rio Branco,Rodrigues Alves,Santa Rosa do Purus,Senador Guiomard,Sena Madureira,Tarauacá,Xapuri,Porto Acre;
92;UNIDADE LOCAL DE RIO DO SUL/SC;89.160-000;Rio do Sul;(47) 3525-0758,;Rodovia BR-470;SC;;Trombudo Central,Timbó,Rodeio,Santa Cecília,São Cristovão do Sul,Navegantes,Pouso Redondo,Rio do Sul,Ponte Alta do Norte,Laurentino,Lontras,José Boiteux,Indaial,Ilhota,Curitibanos,Doutor Pedrinho,Gaspar,Ibirama,Benedito Novo,Ascurra,Agronômica,Apiúna,Blumenau,Brunópolis;
46;UNIDADE LOCAL DE RIO VERDE/GO;75.900-000;Rio Verde;(64) 3612-1040,;BR-452;GO;;Varjão,Cezarina,Cachoeira Dourada,Bom Jesus de Goiás,Acreúna,Rio Verde,Santo Antônio da Barra,Porteirão,Santa Helena de Goiás,Quirinópolis,Itumbiara,Jandaia,Inaciolândia,Indiara,Gouvelândia,Guapó,Maurilândia,Paranaiguara;
54;UNIDADE LOCAL DE RONDONÓPOLIS/MT;78.710-100;Rondonópolis;(66) 3427-0262,;Rua Dom Aquino;MT;;Alto Garças,Alto Araguaia,São Pedro da Cipa,Rondonópolis,Pedra Preta,Juscimeira,Itiquira,Jaciara;
85;UNIDADE LOCAL DE RORAINÓPOLIS/RR;69.301-130;Boa Vista;(95) 3224-9519,;Rua Barão do Rio Branco;RR;;;
107;UNIDADE LOCAL DE RUSSAS/CE;62.900-000;Russas;(85) 3270-3492,;Rua Travessa Antônio Gonçalves Ferreira;CE;;Tabuleiro do Norte,Quixeré,Russas,Quixadá,São João do Jaguaribe,Alto Santo,Banabuiú,Cascavel,Beberibe,Aracati,Aracoiaba,Ibaretama,Icapuí,Chorozinho,Ocara,Morada Nova,Palhano,Limoeiro do Norte,Jaguaribara;
80;UNIDADE LOCAL DE SALGUEIRO/PE;56.000-000;Salgueiro;(87) 3871-0157,;Av. Getúlio Vargas;PE;;Bodocó,Cabrobó,Araripina,Belém de São Francisco,Floresta,Granito,Exu,Itacuruba,Inajá,Jatobá,Mirandiba,Parnamirim,Ouricuri,Salgueiro,Petrolândia,Trindade,Terra Nova,Tacaratu,Serra Talhada,São José do Belmonte,Verdejante;
116;UNIDADE LOCAL DE SANTA INES/MA;65.020.290;Santa Inês;(98) 3241-5302,;Rua Jansen Muller;MA;;;
110;UNIDADE LOCAL DE SANTA ISABEL/ES;29050625;Vitória;(27) 32124290,;Avenida Marechal Mascarenhas de Moraes;ES;;Afonso Cláudio,Águia Branca,Alegre,Anchieta,Apiacá,Aracruz,Atilio Vivacqua,Baixo Guandu,Barra de São Francisco,Bom Jesus do Norte,Brejetuba,Cachoeiro de Itapemirim,Cariacica,Castelo,Colatina,Conceição da Barra,Conceição do Castelo,Domingos Martins,Dores do Rio Preto,Ecoporanga,Fundão,Guaçuí,Guarapari,Ibatiba,Ibiraçu,Ibitirama,Iconha,Irupi,Itaguaçu,Itapemirim,Itarana,Iúna,Jaguaré,Jerônimo Monteiro,João Neiva,Laranja da Terra,Linhares,Marechal Floriano,Mimoso do Sul,Muniz Freire,Muqui,Nova Venécia,Pedro Canário,Pinheiros,Presidente Kennedy,Rio Novo do Sul,São José do Calçado,São Mateus,São Roque do Canaã,Serra,Sooretama,Venda Nova do Imigrante,Viana,Vila Pavão,Vila Valério,Vila Velha,Vitória;
143;UNIDADE LOCAL DE SANTA MARIA/RS;97.070-000;Santa Maria;(55) 3211-1944,;Av. Helvio Basso;RS;;Agudo,Manoel Viana,Novo Cabrais,Jaguari,Júlio de Castilhos,Itaara,Formigueiro,Dilermando de Aguiar,Capão do Cipó,Cacequi,Tupanciretã,Vila Nova do Sul,Unistalda,São Vicente do Sul,São Pedro do Sul,São Sepé,São Miguel das MissõEs,Santa Maria,Santa Margarida do Sul,Santiago,São Francisco de Assis;
39;UNIDADE LOCAL DE SANTA RITA/PB;58.301-640;Santa Rita;(83) 3229-1070,;BR-230;PB;;São Miguel de Taipu,Sobrado,Bayeux,Caldas Brandão,Caaporã,Cabedelo,Conde,Cruz do Espírito Santo,João Pessoa,Rio Tinto,Santa Rita,Mamanguape,Pedras de Fogo,Mataraca,Alhandra;
41;UNIDADE LOCAL DE SANTANA DO IPANEMA/AL;57-500-000;Santana do Ipanema;(82) 3621-1150,;Rua Pancrácio Rocha;AL;;Água Branca,Santana do Ipanema,Poço das Trincheiras,Minador do Negrão,Ouro Branco,Palmeira dos Índios,Pariconha,Mata Grande,Canapi,Maravilha,Inhapi,Delmiro Gouveia,Dois Riachos,Estrela de Alagoas,Cacimbinhas,Abdon Batista;
144;UNIDADE LOCAL DE SANTANA DO LIVRAMENTO/RS;97.577-380;Santana do Livramento;(55) 3243-1432,;Av. João Belchior Goulart;RS;;Hulha Negra,Dom Pedrito,Lavras do Sul,Quaraí,Aceguá,Bagé,Caçapava do Sul,Santana do Livramento;
93;UNIDADE LOCAL DE SÃO JOSÉ/SC;88.110-200;São José;(48) 3246-0097,;BR-101;SC;;Águas Mornas,Alfredo Wagner,Balneário Camboriú,Biguaçu,Brusque,Botuverá,Camboriú,Guabiruba,Governador Celso Ramos,Garopaba,Florianópolis,Imbituba,Itajaí,Itapema,Paulo Lopes,Rancho Queimado,Porto Belo,Palhoça,São José,Santo Amaro da Imperatriz,Tijucas,Vidal Ramos;
145;UNIDADE LOCAL DE SÃO LEOPOLDO/RS;93.125-340;São Leopoldo;(51) 3568-2737,;Av. Salgado Filho;RS;;Barra do Ribeiro,Butiá,Barão do Triunfo,Arambaré,Arroio dos Ratos,Rio Pardo,Santa Cruz do Sul,Ivoti,Picada Café,Portão,Porto Alegre,Pantano Grande,Minas do Leão,Novo Hamburgo,Osório,Nova Santa Rita,Maquiné,Morro Reuter,Eldorado do Sul,Estância Velha,Esteio,Gravataí,Guaíba,Glorinha,Cachoeira do Sul,Cachoeirinha,Capivari do Sul,Canoas,Camaquã,Cerro Grande do Sul,Dois Irmãos,Dom Pedro de Alcântara,Santo Antônio da Patrulha,São Jerônimo,São Leopoldo,Sapucaia do Sul,Sentinela do Sul,Sertão Santana,Tapes,Triunfo,Terra de Areia,Três Cachoeiras;
122;UNIDADE LOCAL DE SÃO MIGUEL DO GUAMÁ/PA;68.660-000;São Miguel do Guamá;(91) 3446-1447,;Rodovia BR-010;PA;;Ulianópolis,São Miguel do Guamá,Rondon do Pará,Paragominas,Mãe do Rio,Dom Eliseu,Ipixuna do Pará,Irituia,Aurora do Pará;
35;UNIDADE LOCAL DE SENHOR DO BONFIM/BA;48.970-000;Senhor do Bonfim;(74) 3541-3811,;BR 407;BA;;Caldeirão Grande,Casa Nova,Campo Alegre de Lourdes,Campo Formoso,Remanso,Ponto Novo,Pilão Arcado,Juazeiro,Jaguarari,Mirangaba,Curaçá,Filadélfia,Umburanas,Uauá,Sento Sé,Senhor do Bonfim;
135;UNIDADE LOCAL DE SEROPÉDICA/RJ;23.845-200;Seropédica;(21) 2682-7803,;Estrada Rio São Paulo;RJ;;Angra dos Reis,Areal,Barra do Piraí,Barra Mansa,Belford Roxo,Duque de Caxias,Guapimirim,São João de Meriti,Rio de Janeiro,Rio Claro,Rio das Flores,Resende,Itaguaí,Petrópolis,Piraí,Porto Real,Queimados,Nova Iguaçu,Paracambi,Paraíba do Sul,Parati,Magé,Mangaratiba,Niterói,Itatiaia,Japeri,Comendador Levy Gasparian,Teresópolis,Três Rios,Valença,Vassouras,Volta Redonda,Sapucaia,Seropédica;
108;UNIDADE LOCAL DE SOBRAL/CE;60.050-382;Sobral;(85) 3270-3480,;Av. Senador Fernandes Távora;CE;;Amontada,Acaraú,Itapipoca,Itarema,Marco,Martinópole,Pires Ferreira,Morrinhos,Nova Russas,Coreaú,Cruz,Forquilha,Frecheirinha,Granja,Ipu,Ipueiras,Irauçuba,Barroquinha,Bela Cruz,Camocim,Chaval,Cariré,Senador Sá,Sobral,Tianguá,Tururu,Ubajara,Santana do Acaraú,Tamboril,Uruburetama,Varjota;
55;UNIDADE LOCAL DE SORRISO/MT;78.890-000;Sorriso;(66) 3544-0708,;Rua Turmalinas;MT;;Guarantã do Norte,Itaúba,Gaúcha do Norte,Lucas do Rio Verde,Matupá,Cláudia,Peixoto de Azevedo,Nova Ubiratã,Paranatinga,Nova Santa Helena,Vera,Terra Nova do Norte,Sinop,Sorriso;
98;UNIDADE LOCAL DE TAUBATÉ/SP;12.091-000;Taubaté;(12) 3625-3440,;Av. D Pedro I;SP;;Americana,Analândia,Águas da Prata,Águas de Lindóia,Águas de Santa Bárbara,Alambari,Barra do Turvo,Avaré,Atibaia,Alumínio,Araras,Arujá,Aparecida,Apiaí,Araçariguama,Araçoiaba da Serra,Iaras,Guarulhos,Espírito Santo do Turvo,Guararema,Guaratinguetá,Embu,Dois Córregos,Guapiara,Divinolândia,Casa Branca,Cruzeiro,Cubatão,Cunha,Cordeirópolis,Coronel Macedo,Corumbataí,Cotia,Cerqueira César,Cerquilho,Cesário Lange,Cananéia,Canas,Capão Bonito,Capela do Alto,Capivari,Caraguatatuba,Campina do Monte Alegre,Campinas,Campos do Jordão,Cajamar,Cajati,Cabrália Paulista,Caçapava,Cachoeira Paulista,Caconde,Bertioga,Bofete,Boituva,Bragança Paulista,Brotas,Buri,Bauru,Barueri,Vinhedo,Votorantim,Valinhos,Vargem,Vargem Grande do Sul,Vargem Grande Paulista,Ubatuba,Tietê,Torre de Pedra,Tapiraí,Taquarituba,Tatuí,Taubaté,Taboão da Serra,Sumaré,Silveiras,Socorro,Sorocaba,São Vicente,Sarapuí,São Roque,São Sebastião,São José dos Campos,São Lourenço da Serra,São Luís do Paraitinga,São Miguel Arcanjo,São Paulo,São José do Rio Pardo,Santana de Parnaíba,Santos,São Bento do Sapucaí,São Bernardo do Campo,Santo Antônio do Pinhal,Santa Gertrudes,Santa Isabel,Roseira,Santa Bárbara D'Oeste,Santa Cruz da Conceição,Santa Cruz das Palmeiras,Santa Cruz do Rio Pardo,Saltinho,Rio Claro,Rio das Pedras,Registro,Ribeira,Redenção da Serra,Praia Grande,Quadra,Queluz,Rafard,Potim,Pirassununga,Piratininga,Porangaba,Porto Feliz,Piquete,Piracicaba,Pinhalzinho,Peruíbe,Piedade,Pindamonhangaba,Pederneiras,Pedro de Toledo,Paulistânia,Pardinho,Pariquera-Açu,Ourinhos,Natividade da Serra,Osasco,Nova Odessa,Mongaguá,Mombuca,Miracatu,Mairinque,Mairiporã,Lorena,Louveira,Jaú,Jundiaí,Juquiá,Juquitiba,Lavrinhas,Leme,Limeira,Jacupiranga,Jandira,Jacareí,Iguape,Iracemápolis,Itaí,Itanhaém,Itapecerica da Serra,Itapetininga,Itapeva,Itapevi,Itaporanga,Itapuí,Itariri,Itatinga,Itirapina,Itobi,Itu;
74;UNIDADE LOCAL DE TEÓFILO OTONI/MG;39.800-000;Teófilo Otoni;(33) 3521-1606,;Rua Engenheiro Murta;MG;;Serra dos Aimorés,Teófilo Otoni,Santa Maria do Salto,Salto da Divisa,Campanário,Catuji,Capelinha,Carlos Chagas,Caraí,Água Boa,Ataléia,Bandeira,Araçuaí,Almenara,Cachoeira de Pajeú,Divisópolis,Divisa Alegre,Francisco Badaró,Itaobim,Itambacuri,Itinga,Jacinto,Jampruca,Jenipapo de Minas,Frei Gaspar,Frei Inocêncio,Ponto dos Volantes,Pedra Azul,Padre Paraíso,Ouro Verde de Minas,Jequitinhonha,Jordânia,Nanuque,Mata Verde,Medina;
132;UNIDADE LOCAL DE TERESINA/PI;64.045-000;Teresina;(86) 3133-1301,;Av. João  XXIII;PI;;;
61;UNIDADE LOCAL DE TRÊS LAGOAS/MS;79.630-040;Três Lagoas;(67) 3524-9540,;Rua Maria Moreira Queiroz;MS;;Três Lagoas,Paranaíba,Selvíria,Água Clara,Anaurilândia,Aparecida do Taboado,Brasilândia,Bataguassu,Cassilândia;
94;UNIDADE LOCAL DE TUBARÃO/SC;88.704-801;São José;(48) 3626-3342,;Rodovia BR-101;SC;;Tubarão,Turvo,Treze de Maio,Timbé do Sul,Sombrio,São João do Sul,Santa Rosa do Sul,Sangão,Rio Rufino,Passo de Torres,Pescaria Brava,Jaguaruna,Maracajá,Laguna,Grão Pará,Gravatal,Içara,Ermo,Criciúma,Capivari de Baixo,Braço do Norte,Araranguá;
75;UNIDADE LOCAL DE UBERLÂNDIA/MG;38.406-052;Uberlândia;(34) 3212-1193,;Av. Floriano Peixoto,  Bairro;MG;;Monte Carmelo,Monte Alegre de Minas,Perdizes,Patrocínio,Nova Ponte,Planura,Pirajuba,Guimarânia,Indianópolis,Estrela do Sul,Conceição das Alagoas,Conquista,Delta,Araguari,Araporã,Campo Florido,Romaria,Santa Juliana,Tupaciguara,Uberaba,Uberlândia,Veríssimo;
47;UNIDADE LOCAL DE URUAÇU/GO edição;76.400-000;Uruaçu;(62) 33571329,;Rua Manoel Ribeiro Sobrinho;GO;;Amaralina,Anápolis,Bonópolis,Alto Horizonte,Araguapaz,Aruanã,Barro Alto,Ceres,Campinorte,Estrela do Norte,Faina,Pilar de Goiás,Nova Glória,Nova Iguaçu de Goiás,Morro Agudo de Goiás,Mara Rosa,Hidrolina,Goianésia,Ipiranga de Goiás,Jaraguá,Rialma,Rianápolis,Santa Isabel,Porangatu,Padre Bernardo,Uruaçu,Rubiataba,Santa Rita do Novo Destino,Santa Tereza de Goiás,São Francisco de Goiás,São Luíz do Norte,São Miguel do Araguaia,Vila Propício;
146;UNIDADE LOCAL DE URUGUAIANA/RS;97.501-568;Uruguaiana;(55) 3412-1619,;Rua Vasco Alves;RS;;Itaqui,Rosário do Sul,Alegrete,Barra do Quaraí,Uruguaiana,São Gabriel;
147;UNIDADE LOCAL DE VACARIA/RS;95.200-000;Vacaria;(54) 3232-1201,;BR 116;RS;;São Francisco de Paula,São José dos Ausentes,São José do Ouro,São Marcos,Vacaria,Tupanci do Sul,Três Forquilhas,Torres,Bom Jesus,Barracão,Itati,Mampituba,Muitos CapõEs,Morrinhos do Sul,Nova Petrópolis,Cambará do Sul,Campestre da Serra,Capão Bonito do Sul,Caxias do Sul,Flores da Cunha,Farroupilha;
86;UNIDADE LOCAL DE VILHENA/RO;76988034;Vilhena;(69) 33212869,;Rua Marechal Rondon;RO;;Vilhena;
36;UNIDADE LOCAL DE VITÓRIA DA CONQUISTA/BA;45.025-710;Vitória da Conquista;(77) 3424-1500,;Av. Presidente Dutra;BA;;Encruzilhada,Feira da Mata,Guanambi,Coribe,Cocos,Iuiú,Jaborandi,Igaporã,Mirante,Malhada,Malhada de Pedras,Manoel Vitorino,Lagoa Real,Macaúbas,Pindaí,Planalto,PoçõEs,Nova Canaã,Paramirim,Paratinga,Palmas de Monte Alto,Carinhanha,Caturama,Candiba,Cândido Sales,Caraíbas,Caatiba,Caetanos,Caetité,Barra do Choça,Brumado,Aracatu,Anagé,Bom Jesus da Lapa,Bom Jesus da Serra,Vitória da Conquista,Urandi,Tanhaçu,Serra do Ramalho,Sebastião Laranjeiras,São Félix do Coribe,Riacho de Santana,Rio do Antônio;
160;Unidade Local Piloto;70040902;Brasília;(61) 33154001,;SAUN Quadra 3 Bloco A;DF;;;
615;Vigadores;31742-257;Belo Horizonte;(31) 999999999,;Rua Alga Azul;MG;;Bocaiúva,Betim;
